{"teams": ["frc1058", "frc1073", "frc125", "frc1289", "frc131", "frc138", "frc151", "frc1517", "frc1519", "frc166", "frc172", "frc1729", "frc176", "frc190", "frc238", "frc2876", "frc319", "frc3467", "frc348", "frc4467", "frc4905", "frc4909", "frc501", "frc509", "frc5459", "frc5687", "frc5813", "frc78", "frc811", "frc88", "frc885"], "oprs": {"frc4909": -0.10238480865670851, "frc319": 21.831653535183285, "frc1073": 34.74410404855192, "frc885": 1.3641764827570313, "frc125": 11.92374660754811, "frc5687": 0.9707966269752006, "frc190": 4.766141255738567, "frc88": 18.970160882540064, "frc166": 25.85286632739022, "frc1519": 39.165398107315596, "frc4467": 42.93321390344511, "frc3467": 5.981256508173011, "frc509": 8.053977852096759, "frc1729": 49.20370949689743, "frc1289": 23.09104792270864, "frc176": 19.008891290344103, "frc2876": 20.41577135158805, "frc151": 14.512254481091105, "frc4905": 41.221039380552064, "frc131": 31.45189391299798, "frc348": -7.1968982482528965, "frc1058": 44.23084372922342, "frc238": 49.04224900132764, "frc5459": 14.889691475588734, "frc78": 22.006839524577536, "frc5813": 67.51184986794809, "frc138": 54.47979791683348, "frc811": 25.049175628720647, "frc1517": 29.268058245326934, "frc501": 20.041796595564804, "frc172": 11.64592369867512}, "alliances": null, "matches": [{"set_number": 1, "post_result_time": null, "predicted_time": null, "videos": [{"type": "youtube", "key": "uUeGbutdHfE"}], "comp_level": "qm", "time": null, "winning_alliance": "blue", "actual_time": null, "key": "2016nhrr_qm1", "score_breakdown": null, "match_number": 1, "alliances": {"blue": {"score": 87, "surrogate_team_keys": [], "team_keys": ["frc1289", "frc131", "frc1058"]}, "red": {"score": 79, "surrogate_team_keys": [], "team_keys": ["frc1517", "frc238", "frc3467"]}}, "event_key": "2016nhrr"}, {"set_number": 1, "post_result_time": null, "predicted_time": null, "videos": [{"type": "youtube", "key": "ky7vgJ7ZLZw"}], "comp_level": "qm", "time": null, "winning_alliance": "blue", "actual_time": null, "key": "2016nhrr_qm10", "score_breakdown": null, "match_number": 10, "alliances": {"blue": {"score": 77, "surrogate_team_keys": [], "team_keys": ["frc176", "frc238", "frc5459"]}, "red": {"score": 30, "surrogate_team_keys": [], "team_keys": ["frc172", "frc885", "frc501"]}}, "event_key": "2016nhrr"}, {"set_number": 1, "post_result_time": null, "predicted_time": null, "videos": [{"type": "youtube", "key": "dmCHSNowd0c"}], "comp_level": "qm", "time": null, "winning_alliance": "red", "actual_time": null, "key": "2016nhrr_qm11", "score_breakdown": null, "match_number": 11, "alliances": {"blue": {"score": 88, "surrogate_team_keys": [], "team_keys": ["frc4909", "frc1729", "frc131"]}, "red": {"score": 120, "surrogate_team_keys": [], "team_keys": ["frc319", "frc5813", "frc125"]}}, "event_key": "2016nhrr"}, {"set_number": 1, "post_result_time": null, "predicted_time": null, "videos": [{"type": "youtube", "key": "3vmqz-au0l8"}], "comp_level": "qm", "time": null, "winning_alliance": "red", "actual_time": null, "key": "2016nhrr_qm12", "score_breakdown": null, "match_number": 12, "alliances": {"blue": {"score": 73, "surrogate_team_keys": [], "team_keys": ["frc1517", "frc5687", "frc501"]}, "red": {"score": 87, "surrogate_team_keys": [], "team_keys": ["frc2876", "frc88", "frc1519"]}}, "event_key": "2016nhrr"}, {"set_number": 1, "post_result_time": null, "predicted_time": null, "videos": [{"type": "youtube", "key": "HQTRwGhjTFo"}], "comp_level": "qm", "time": null, "winning_alliance": "blue", "actual_time": null, "key": "2016nhrr_qm13", "score_breakdown": null, "match_number": 13, "alliances": {"blue": {"score": 106, "surrogate_team_keys": [], "team_keys": ["frc4467", "frc348", "frc238"]}, "red": {"score": 84, "surrogate_team_keys": [], "team_keys": ["frc811", "frc5459", "frc4905"]}}, "event_key": "2016nhrr"}, {"set_number": 1, "post_result_time": null, "predicted_time": null, "videos": [{"type": "youtube", "key": "pY_pFTWDrww"}], "comp_level": "qm", "time": null, "winning_alliance": "blue", "actual_time": null, "key": "2016nhrr_qm14", "score_breakdown": null, "match_number": 14, "alliances": {"blue": {"score": 77, "surrogate_team_keys": [], "team_keys": ["frc138", "frc3467", "frc1289"]}, "red": {"score": 45, "surrogate_team_keys": [], "team_keys": ["frc166", "frc4909", "frc885"]}}, "event_key": "2016nhrr"}, {"set_number": 1, "post_result_time": null, "predicted_time": null, "videos": [{"type": "youtube", "key": "4z4UKn958g4"}], "comp_level": "qm", "time": null, "winning_alliance": "red", "actual_time": null, "key": "2016nhrr_qm15", "score_breakdown": null, "match_number": 15, "alliances": {"blue": {"score": 64, "surrogate_team_keys": [], "team_keys": ["frc190", "frc1073", "frc319"]}, "red": {"score": 93, "surrogate_team_keys": [], "team_keys": ["frc176", "frc78", "frc1058"]}}, "event_key": "2016nhrr"}, {"set_number": 1, "post_result_time": null, "predicted_time": null, "videos": [{"type": "youtube", "key": "vCeenfAdTE0"}], "comp_level": "qm", "time": null, "winning_alliance": "red", "actual_time": null, "key": "2016nhrr_qm16", "score_breakdown": null, "match_number": 16, "alliances": {"blue": {"score": 62, "surrogate_team_keys": [], "team_keys": ["frc509", "frc172", "frc1519"]}, "red": {"score": 64, "surrogate_team_keys": [], "team_keys": ["frc151", "frc125", "frc1289"]}}, "event_key": "2016nhrr"}, {"set_number": 1, "post_result_time": null, "predicted_time": null, "videos": [{"type": "youtube", "key": "2yIi0FojMxE"}], "comp_level": "qm", "time": null, "winning_alliance": "red", "actual_time": null, "key": "2016nhrr_qm17", "score_breakdown": null, "match_number": 17, "alliances": {"blue": {"score": 57, "surrogate_team_keys": [], "team_keys": ["frc5687", "frc885", "frc1729"]}, "red": {"score": 84, "surrogate_team_keys": [], "team_keys": ["frc4467", "frc1517", "frc190"]}}, "event_key": "2016nhrr"}, {"set_number": 1, "post_result_time": null, "predicted_time": null, "videos": [{"type": "youtube", "key": "V88TnhW2OHM"}], "comp_level": "qm", "time": null, "winning_alliance": "blue", "actual_time": null, "key": "2016nhrr_qm18", "score_breakdown": null, "match_number": 18, "alliances": {"blue": {"score": 88, "surrogate_team_keys": [], "team_keys": ["frc166", "frc131", "frc78"]}, "red": {"score": 56, "surrogate_team_keys": [], "team_keys": ["frc5459", "frc151", "frc501"]}}, "event_key": "2016nhrr"}, {"set_number": 1, "post_result_time": null, "predicted_time": null, "videos": [{"type": "youtube", "key": "LPoISoApYfE"}], "comp_level": "qm", "time": null, "winning_alliance": "red", "actual_time": null, "key": "2016nhrr_qm19", "score_breakdown": null, "match_number": 19, "alliances": {"blue": {"score": 94, "surrogate_team_keys": [], "team_keys": ["frc2876", "frc1058", "frc3467"]}, "red": {"score": 117, "surrogate_team_keys": [], "team_keys": ["frc172", "frc4905", "frc5813"]}}, "event_key": "2016nhrr"}, {"set_number": 1, "post_result_time": null, "predicted_time": null, "videos": [{"type": "youtube", "key": "AdqSQrDo_0w"}], "comp_level": "qm", "time": null, "winning_alliance": "red", "actual_time": null, "key": "2016nhrr_qm2", "score_breakdown": null, "match_number": 2, "alliances": {"blue": {"score": 59, "surrogate_team_keys": [], "team_keys": ["frc176", "frc811", "frc172"]}, "red": {"score": 107, "surrogate_team_keys": [], "team_keys": ["frc166", "frc1519", "frc1729"]}}, "event_key": "2016nhrr"}, {"set_number": 1, "post_result_time": null, "predicted_time": null, "videos": [{"type": "youtube", "key": "0em8RNpHUIw"}], "comp_level": "qm", "time": null, "winning_alliance": "blue", "actual_time": null, "key": "2016nhrr_qm20", "score_breakdown": null, "match_number": 20, "alliances": {"blue": {"score": 75, "surrogate_team_keys": [], "team_keys": ["frc88", "frc509", "frc1073"]}, "red": {"score": 64, "surrogate_team_keys": [], "team_keys": ["frc238", "frc4909", "frc811"]}}, "event_key": "2016nhrr"}, {"set_number": 1, "post_result_time": null, "predicted_time": null, "videos": [{"type": "youtube",