{"teams": ["frc1065", "frc108", "frc1251", "frc1369", "frc1523", "frc1557", "frc1592", "frc179", "frc180", "frc1902", "frc21", "frc2152", "frc2383", "frc2797", "frc2916", "frc386", "frc3932", "frc4471", "frc4592", "frc5283", "frc5472", "frc5816", "frc744", "frc801"], "oprs": {"frc744B": 26.876479999999766, "frc5816": -7.6670933333322715, "frc180B": 19.62986666666623, "frc3932": 65.22250666666127, "frc21": -11.69162666666648, "frc1592": 12.839680000000072, "frc2152B": 12.469120000001112, "frc4592B": -30.555413333331217, "frc5472": 43.50592000000074, "frc801B": 77.46911999999747, "frc179B": 43.49365333333347, "frc2151": 31.24703999999815, "frc180": 4.024959999996895, "frc744": 28.037226666666555, "frc1068": 18.259306666666134, "frc186": -40.72842666665997, "frc2383B": 20.086293333333913, "frc179": 36.654400000000464, "frc1523B": 2.444586666667874, "frc4471": 42.654399999999725, "frc386": 37.48138666666364, "frc2383": 12.074026666666619, "frc3932B": 13.839679999996406, "frc1251": 89.71573333332935, "frc1523": 41.27157333333287, "frc1902": 5.469120000003386, "frc2152": 65.22250666666355, "frc1369": -21.494079999996302, "frc1065": 11.332906666666418, "frc1557": -1.9873066666665409, "frc5283": 20.7157333333338, "frc801": 20.42005333333509, "frc2916": 35.505919999999605}, "alliances": null, "matches": [{"set_number": 1, "post_result_time": null, "predicted_time": null, "videos": [], "comp_level": "qm", "time": null, "winning_alliance": "blue", "actual_time": null, "key": "2016flpp_qm1", "score_breakdown": null, "match_number": 1, "alliances": {"blue": {"score": 85, "surrogate_team_keys": [], "team_keys": ["frc2916", "frc179", "frc1592"]}, "red": {"score": 47, "surrogate_team_keys": [], "team_keys": ["frc186", "frc1557", "frc1251"]}}, "event_key": "2016flpp"}, {"set_number": 1, "post_result_time": null, "predicted_time": null, "videos": [], "comp_level": "qm", "time": null, "winning_alliance": "red", "actual_time": null, "key": "2016flpp_qm10", "score_breakdown": null, "match_number": 10, "alliances": {"blue": {"score": 35, "surrogate_team_keys": [], "team_keys": ["frc1369", "frc3932B", "frc4471"]}, "red": {"score": 45, "surrogate_team_keys": [], "team_keys": ["frc2383B", "frc2383", "frc1592"]}}, "event_key": "2016flpp"}, {"set_number": 1, "post_result_time": null, "predicted_time": null, "videos": [], "comp_level": "qm", "time": null, "winning_alliance": "blue", "actual_time": null, "key": "2016flpp_qm11", "score_breakdown": null, "match_number": 11, "alliances": {"blue": {"score": 90, "surrogate_team_keys": [], "team_keys": ["frc744B", "frc179B", "frc180B"]}, "red": {"score": 44, "surrogate_team_keys": [], "team_keys": ["frc2151", "frc5816", "frc801"]}}, "event_key": "2016flpp"}, {"set_number": 1, "post_result_time": null, "predicted_time": null, "videos": [], "comp_level": "qm", "time": null, "winning_alliance": "red", "actual_time": null, "key": "2016flpp_qm12", "score_breakdown": null, "match_number": 12, "alliances": {"blue": {"score": 60, "surrogate_team_keys": [], "team_keys": ["frc1369", "frc801B", "frc180"]}, "red": {"score": 94, "surrogate_team_keys": [], "team_keys": ["frc179", "frc3932B", "frc5472"]}}, "event_key": "2016flpp"}, {"set_number": 1, "post_result_time": null, "predicted_time": null, "videos": [], "comp_level": "qm", "time": null, "winning_alliance": "red", "actual_time": null, "key": "2016flpp_qm13", "score_breakdown": null, "match_number": 13, "alliances": {"blue": {"score": 60, "surrogate_team_keys": [], "team_keys": ["frc186", "frc3932", "frc2916"]}, "red": {"score": 75, "surrogate_team_keys": [], "team_keys": ["frc2383B", "frc744B", "frc744"]}}, "event_key": "2016flpp"}, {"set_number": 1, "post_result_time": null, "predicted_time": null, "videos": [], "comp_level": "qm", "time": null, "winning_alliance": "blue", "actual_time": null, "key": "2016flpp_qm14", "score_breakdown": null, "match_number": 14, "alliances": {"blue": {"score": 60, "surrogate_team_keys": [], "team_keys": ["frc1523", "frc1557", "frc5283"]}, "red": {"score": 52, "surrogate_team_keys": [], "team_keys": ["frc1523B", "frc2383", "frc386"]}}, "event_key": "2016flpp"}, {"set_number": 1, "post_result_time": null, "predicted_time": null, "videos": [], "comp_level": "qm", "time": null, "winning_alliance": "blue", "actual_time": null, "key": "2016flpp_qm15", "score_breakdown": null, "match_number": 15, "alliances": {"blue": {"score": 72, "surrogate_team_keys": [], "team_keys": ["frc1251", "frc1592", "frc4592B"]}, "red": {"score": 59, "surrogate_team_keys": [], "team_keys": ["frc2152", "frc21", "frc1902"]}}, "event_key": "2016flpp"}, {"set_number": 1, "post_result_time": null, "predicted_time": null, "videos": [], "comp_level": "qm", "time": null, "winning_alliance": "blue", "actual_time": null, "key": "2016flpp_qm16", "score_breakdown": null, "match_number": 16, "alliances": {"blue": {"score": 84, "surrogate_team_keys": [], "team_keys": ["frc2152B", "frc179B", "frc744"]}, "red": {"score": 52, "surrogate_team_keys": [], "team_keys": ["frc1065", "frc4471", "frc1557"]}}, "event_key": "2016flpp"}, {"set_number": 1, "post_result_time": null, "predicted_time": null, "videos": [{"type": "youtube", "key": "WZ9CPLakM2M"}], "comp_level": "qm", "time": null, "winning_alliance": "red", "actual_time": null, "key": "2016flpp_qm2", "score_breakdown": null, "match_number": 2, "alliances": {"blue": {"score": 40, "surrogate_team_keys": [], "team_keys": ["frc744", "frc5816", "frc180B"]}, "red": {"score": 85, "surrogate_team_keys": [], "team_keys": ["frc1523", "frc2152", "frc1369"]}}, "event_key": "2016flpp"}, {"set_number": 1, "post_result_time": null, "predicted_time": null, "videos": [], "comp_level": "qm", "time": null, "winning_alliance": "red", "actual_time": null, "key": "2016flpp_qm3", "score_breakdown": null, "match_number": 3, "alliances": {"blue": {"score": 67, "surrogate_team_keys": [], "team_keys": ["frc2383B", "frc801B", "frc4592B"]}, "red": {"score": 85, "surrogate_team_keys": [], "team_keys": ["frc386", "frc179B", "frc180"]}}, "event_key": "2016flpp"}, {"set_number": 1, "post_result_time": null, "predicted_time": null, "videos": [], "comp_level": "qm", "time": null, "winning_alliance": "blue", "actual_time": null, "key": "2016flpp_qm4", "score_breakdown": null, "match_number": 4, "alliances": {"blue": {"score": 76, "surrogate_team_keys": [], "team_keys": ["frc801", "frc2383", "frc5472"]}, "red": {"score": 66, "surrogate_team_keys": [], "team_keys": ["frc3932", "frc2152B", "frc21"]}}, "event_key": "2016flpp"}, {"set_number": 1, "post_result_time": null, "predicted_time": null, "videos": [], "comp_level": "qm", "time": null, "winning_alliance": "blue", "actual_time": null, "key": "2016flpp_qm5", "score_breakdown": null, "match_number": 5, "alliances": {"blue": {"score": 75, "surrogate_team_keys": [], "team_keys": ["frc4471", "frc1902", "frc744B"]}, "red": {"score": 37, "surrogate_team_keys": [], "team_keys": ["frc1523B", "frc3932B", "frc5283"]}}, "event_key": "2016flpp"}, {"set_number": 1, "post_result_time": null, "predicted_time": null, "videos": [], "comp_level": "qm", "time": null, "winning_alliance": "red", "actual_time": null, "key": "2016flpp_qm6", "score_breakdown": null, "match_number": 6, "alliances": {"blue": {"score": 50, "surrogate_team_keys": [], "team_keys": ["frc1523", "frc801", "frc21"]}, "red": {"score": 55, "surrogate_team_keys": [], "team_keys": ["frc1068", "frc186", "frc801B"]}}, "event_key": "2016flpp"}, {"set_number": 1, "post_result_time": null, "predicted_time": null, "videos": [], "comp_level": "qm", "time": null, "winning_alliance": "blue", "actual_time": null, "key": "2016flpp_qm7", "score_breakdown": null, "match_number": 7, "alliances": {"blue": {"score": 60, "surrogate_team_keys": [], "team_keys": ["frc5816", "frc2152", "frc1523B"]}, "red": {"score": 52, "surrogate_team_keys": [], "team_keys": ["frc180", "frc2916", "frc2152B"]}}, "event_key": "2016flpp"}, {"set_number": 1, "post_result_time": null, "predicted_time": null, "videos": [],