{"teams": ["frc1138", "frc1160", "frc1197", "frc1452", "frc3255", "frc3453", "frc3512", "frc4079", "frc4470", "frc4486", "frc4584", "frc4619", "frc4913", "frc5209", "frc5810", "frc599", "frc687", "frc691", "frc980", "frc981"], "oprs": {"frc980": 12.200914972995568, "frc1197B": 5.215575660985216, "frc1197": 14.173627109200158, "frc1138B": 16.501803076087747, "frc599": 18.42477374999929, "frc3512": 10.990932576980887, "frc4584": 26.907956665205155, "frc687": 22.388218387297314, "frc4486": 19.683585683467456, "frc3453": 25.335392357684015, "frc4079": 11.264291490418906, "frc1160": 6.851306010605059, "frc1452": 17.13853820430153, "frc5209": 32.7855907280895, "frc3255": 31.64550767525134, "frc4470": 32.29033588983918, "frc691": 3.767884732744248, "frc5810": 32.873027186864455, "frc4913": 8.828630742568164, "frc981": 11.769635205986251, "frc1138": 7.591682172993972, "frc4619": 14.334062771592025}, "alliances": null, "matches": [{"set_number": 1, "post_result_time": null, "predicted_time": null, "videos": [], "comp_level": "f", "time": null, "winning_alliance": "red", "actual_time": null, "key": "2016cafc_f1m1", "score_breakdown": null, "match_number": 1, "alliances": {"blue": {"score": 107, "surrogate_team_keys": [], "team_keys": ["frc3453", "frc5209", "frc4486"]}, "red": {"score": 123, "surrogate_team_keys": [], "team_keys": ["frc3255", "frc5810", "frc980"]}}, "event_key": "2016cafc"}, {"set_number": 1, "post_result_time": null, "predicted_time": null, "videos": [], "comp_level": "f", "time": null, "winning_alliance": "red", "actual_time": null, "key": "2016cafc_f1m2", "score_breakdown": null, "match_number": 2, "alliances": {"blue": {"score": 76, "surrogate_team_keys": [], "team_keys": ["frc3453", "frc5209", "frc4486"]}, "red": {"score": 119, "surrogate_team_keys": [], "team_keys": ["frc3255", "frc5810", "frc9980"]}}, "event_key": "2016cafc"}, {"set_number": 1, "post_result_time": null, "predicted_time": null, "videos": [], "comp_level": "qm", "time": null, "winning_alliance": "red", "actual_time": null, "key": "2016cafc_qm1", "score_breakdown": null, "match_number": 1, "alliances": {"blue": {"score": 64, "surrogate_team_keys": [], "team_keys": ["frc981", "frc5810", "frc599"]}, "red": {"score": 85, "surrogate_team_keys": [], "team_keys": ["frc5209", "frc4470", "frc3453"]}}, "event_key": "2016cafc"}, {"set_number": 1, "post_result_time": null, "predicted_time": null, "videos": [], "comp_level": "qm", "time": null, "winning_alliance": "red", "actual_time": null, "key": "2016cafc_qm10", "score_breakdown": null, "match_number": 10, "alliances": {"blue": {"score": 55, "surrogate_team_keys": [], "team_keys": ["frc1138", "frc4470", "frc1138B"]}, "red": {"score": 59, "surrogate_team_keys": [], "team_keys": ["frc4079", "frc1197", "frc5810"]}}, "event_key": "2016cafc"}, {"set_number": 1, "post_result_time": null, "predicted_time": null, "videos": [], "comp_level": "qm", "time": null, "winning_alliance": "red", "actual_time": null, "key": "2016cafc_qm11", "score_breakdown": null, "match_number": 11, "alliances": {"blue": {"score": 30, "surrogate_team_keys": [], "team_keys": ["frc1160", "frc599", "frc687"]}, "red": {"score": 81, "surrogate_team_keys": [], "team_keys": ["frc4486", "frc3453", "frc3255"]}}, "event_key": "2016cafc"}, {"set_number": 1, "post_result_time": null, "predicted_time": null, "videos": [], "comp_level": "qm", "time": null, "winning_alliance": "blue", "actual_time": null, "key": "2016cafc_qm12", "score_breakdown": null, "match_number": 12, "alliances": {"blue": {"score": 66, "surrogate_team_keys": [], "team_keys": ["frc5209", "frc5810", "frc691"]}, "red": {"score": 42, "surrogate_team_keys": [], "team_keys": ["frc4079", "frc1197B", "frc4619"]}}, "event_key": "2016cafc"}, {"set_number": 1, "post_result_time": null, "predicted_time": null, "videos": [], "comp_level": "qm", "time": null, "winning_alliance": "red", "actual_time": null, "key": "2016cafc_qm13", "score_breakdown": null, "match_number": 13, "alliances": {"blue": {"score": 42, "surrogate_team_keys": [], "team_keys": ["frc4486", "frc3453", "frc1138"]}, "red": {"score": 65, "surrogate_team_keys": [], "team_keys": ["frc1160", "frc1452", "frc4913"]}}, "event_key": "2016cafc"}, {"set_number": 1, "post_result_time": null, "predicted_time": null, "videos": [], "comp_level": "qm", "time": null, "winning_alliance": "red", "actual_time": null, "key": "2016cafc_qm14", "score_breakdown": null, "match_number": 14, "alliances": {"blue": {"score": 75, "surrogate_team_keys": [], "team_keys": ["frc4470", "frc599", "frc1138B"]}, "red": {"score": 92, "surrogate_team_keys": [], "team_keys": ["frc3255", "frc4584", "frc687"]}}, "event_key": "2016cafc"}, {"set_number": 1, "post_result_time": null, "predicted_time": null, "videos": [], "comp_level": "qm", "time": null, "winning_alliance": "red", "actual_time": null, "key": "2016cafc_qm15", "score_breakdown": null, "match_number": 15, "alliances": {"blue": {"score": 54, "surrogate_team_keys": [], "team_keys": ["frc3512", "frc980", "frc4486"]}, "red": {"score": 67, "surrogate_team_keys": [], "team_keys": ["frc1197", "frc981", "frc3453"]}}, "event_key": "2016cafc"}, {"set_number": 1, "post_result_time": null, "predicted_time": null, "videos": [], "comp_level": "qm", "time": null, "winning_alliance": "red", "actual_time": null, "key": "2016cafc_qm16", "score_breakdown": null, "match_number": 16, "alliances": {"blue": {"score": 45, "surrogate_team_keys": [], "team_keys": ["frc4913", "frc4079", "frc3255"]}, "red": {"score": 82, "surrogate_team_keys": [], "team_keys": ["frc4619", "frc687", "frc5810"]}}, "event_key": "2016cafc"}, {"set_number": 1, "post_result_time": null, "predicted_time": null, "videos": [], "comp_level": "qm", "time": null, "winning_alliance": "blue", "actual_time": null, "key": "2016cafc_qm17", "score_breakdown": null, "match_number": 17, "alliances": {"blue": {"score": 64, "surrogate_team_keys": [], "team_keys": ["frc1197", "frc1452", "frc5209"]}, "red": {"score": 61, "surrogate_team_keys": [], "team_keys": ["frc691", "frc4584", "frc1138B"]}}, "event_key": "2016cafc"}, {"set_number": 1, "post_result_time": null, "predicted_time": null, "videos": [], "comp_level": "qm", "time": null, "winning_alliance": "blue", "actual_time": null, "key": "2016cafc_qm18", "score_breakdown": null, "match_number": 18, "alliances": {"blue": {"score": 52, "surrogate_team_keys": [], "team_keys": ["frc4470", "frc981", "frc1197B"]}, "red": {"score": 40, "surrogate_team_keys": [], "team_keys": ["frc599", "frc1160", "frc1138"]}}, "event_key": "2016cafc"}, {"set_number": 1, "post_result_time": null, "predicted_time": null, "videos": [], "comp_level": "qm", "time": null, "winning_alliance": "blue", "actual_time": null, "key": "2016cafc_qm19", "score_breakdown": null, "match_number": 19, "alliances": {"blue": {"score": 63, "surrogate_team_keys": [], "team_keys": ["frc3512", "frc3453", "frc4584"]}, "red": {"score": 37, "surrogate_team_keys": [], "team_keys": ["frc980", "frc691", "frc687"]}}, "event_key": "2016cafc"}, {"set_number": 1, "post_result_time": null, "predicted_time": null, "videos": [], "comp_level": "qm", "time": null, "winning_alliance": "red", "actual_time": null, "key": "2016cafc_qm2", "score_breakdown": null, "match_number": 2, "alliances": {"blue": {"score": 0, "surrogate_team_keys": [], "team_keys": ["frc3512", "frc4619", "frc1160"]}, "red": {"score": 41, "surrogate_team_keys": [], "team_keys": ["frc687", "frc1138B", "frc1197B"]}}, "event_key": "2016cafc"}, {"set_number": 1, "post_result_time": null, "predicted_time": null, "videos": [], "comp_level": "qm", "time": null, "winning_alliance": "blue", "actual_time": null, "key": "2016cafc_qm20", "score_breakdown": null, "match_number": 20, "alliances": {"blue": {"score": 52, "surrogate_team_keys": [], "team_keys": ["frc5810", "frc1138", "frc1197B"]}, "red": {"score": 49, "surrogate_team_keys": [], "team_keys": ["frc4486", "frc4619", "frc4913"]}}, "event_key": "2016cafc"}, {"set_number": 1,