{"teams": ["frc1058", "frc1073", "frc1289", "frc131", "frc133", "frc1519", "frc166", "frc1729", "frc1735", "frc1768", "frc1922", "frc213", "frc238", "frc2713", "frc319", "frc3467", "frc4546", "frc4906", "frc501", "frc5687", "frc58", "frc5962", "frc811"], "oprs": {"frc4906": 17.870287468409735, "frc213": 35.699574351792904, "frc4546": 13.84345419997328, "frc5687": 15.755264523291869, "frc319": 19.52071324085773, "frc1768": 63.00453974887196, "frc5962": 23.131822346746162, "frc1058": 45.23669220583969, "frc1735": 28.229866630655355, "frc133": 45.260485077678524, "frc238": 44.87019920159017, "frc3467": 37.018870615644445, "frc131": 22.038238633075576, "frc1289": 4.895091346369163, "frc166": 46.30649928766737, "frc1073": 12.900193293442019, "frc58": 26.104221469998823, "frc1519": 43.079163026747736, "frc1729": 2.361086075926421, "frc2713": 19.057350813767787, "frc811": 17.84913494965163, "frc501": 29.12642455391732, "frc1922": 8.00749360475075}, "alliances": null, "matches": [{"set_number": 1, "post_result_time": null, "predicted_time": null, "videos": [], "comp_level": "qm", "time": null, "winning_alliance": "red", "actual_time": null, "key": "2016nhmm_qm1", "score_breakdown": null, "match_number": 1, "alliances": {"blue": {"score": 77, "surrogate_team_keys": [], "team_keys": ["frc1519", "frc1735", "frc811"]}, "red": {"score": 98, "surrogate_team_keys": [], "team_keys": ["frc133", "frc1729", "frc213"]}}, "event_key": "2016nhmm"}, {"set_number": 1, "post_result_time": null, "predicted_time": null, "videos": [], "comp_level": "qm", "time": null, "winning_alliance": "blue", "actual_time": null, "key": "2016nhmm_qm10", "score_breakdown": null, "match_number": 10, "alliances": {"blue": {"score": 56, "surrogate_team_keys": [], "team_keys": ["frc319", "frc1735", "frc1289"]}, "red": {"score": 51, "surrogate_team_keys": [], "team_keys": ["frc4546", "frc2713", "frc811"]}}, "event_key": "2016nhmm"}, {"set_number": 1, "post_result_time": null, "predicted_time": null, "videos": [], "comp_level": "qm", "time": null, "winning_alliance": "blue", "actual_time": null, "key": "2016nhmm_qm11", "score_breakdown": null, "match_number": 11, "alliances": {"blue": {"score": 114, "surrogate_team_keys": [], "team_keys": ["frc133", "frc1058", "frc3467"]}, "red": {"score": 52, "surrogate_team_keys": [], "team_keys": ["frc5687", "frc1073", "frc213"]}}, "event_key": "2016nhmm"}, {"set_number": 1, "post_result_time": null, "predicted_time": null, "videos": [], "comp_level": "qm", "time": null, "winning_alliance": "red", "actual_time": null, "key": "2016nhmm_qm12", "score_breakdown": null, "match_number": 12, "alliances": {"blue": {"score": 57, "surrogate_team_keys": [], "team_keys": ["frc131", "frc1922", "frc4546"]}, "red": {"score": 117, "surrogate_team_keys": [], "team_keys": ["frc501", "frc1768", "frc811"]}}, "event_key": "2016nhmm"}, {"set_number": 1, "post_result_time": null, "predicted_time": null, "videos": [], "comp_level": "qm", "time": null, "winning_alliance": "red", "actual_time": null, "key": "2016nhmm_qm13", "score_breakdown": null, "match_number": 13, "alliances": {"blue": {"score": 61, "surrogate_team_keys": [], "team_keys": ["frc3467", "frc1729", "frc1289"]}, "red": {"score": 110, "surrogate_team_keys": [], "team_keys": ["frc166", "frc58", "frc133"]}}, "event_key": "2016nhmm"}, {"set_number": 1, "post_result_time": null, "predicted_time": null, "videos": [], "comp_level": "qm", "time": null, "winning_alliance": "red", "actual_time": null, "key": "2016nhmm_qm14", "score_breakdown": null, "match_number": 14, "alliances": {"blue": {"score": 76, "surrogate_team_keys": [], "team_keys": ["frc5962", "frc319", "frc4906"]}, "red": {"score": 120, "surrogate_team_keys": [], "team_keys": ["frc1768", "frc213", "frc2713"]}}, "event_key": "2016nhmm"}, {"set_number": 1, "post_result_time": null, "predicted_time": null, "videos": [], "comp_level": "qm", "time": null, "winning_alliance": "blue", "actual_time": null, "key": "2016nhmm_qm15", "score_breakdown": null, "match_number": 15, "alliances": {"blue": {"score": 127, "surrogate_team_keys": [], "team_keys": ["frc1058", "frc1519", "frc5687"]}, "red": {"score": 89, "surrogate_team_keys": [], "team_keys": ["frc1735", "frc501", "frc238"]}}, "event_key": "2016nhmm"}, {"set_number": 1, "post_result_time": null, "predicted_time": null, "videos": [], "comp_level": "qm", "time": null, "winning_alliance": "blue", "actual_time": null, "key": "2016nhmm_qm16", "score_breakdown": null, "match_number": 16, "alliances": {"blue": {"score": 68, "surrogate_team_keys": [], "team_keys": ["frc1073", "frc319", "frc133"]}, "red": {"score": 44, "surrogate_team_keys": [], "team_keys": ["frc131", "frc1729", "frc4906"]}}, "event_key": "2016nhmm"}, {"set_number": 1, "post_result_time": null, "predicted_time": null, "videos": [], "comp_level": "qm", "time": null, "winning_alliance": "red", "actual_time": null, "key": "2016nhmm_qm17", "score_breakdown": null, "match_number": 17, "alliances": {"blue": {"score": 75, "surrogate_team_keys": [], "team_keys": ["frc5687", "frc811", "frc58"]}, "red": {"score": 79, "surrogate_team_keys": [], "team_keys": ["frc1922", "frc1058", "frc5962"]}}, "event_key": "2016nhmm"}, {"set_number": 1, "post_result_time": null, "predicted_time": null, "videos": [], "comp_level": "qm", "time": null, "winning_alliance": "blue", "actual_time": null, "key": "2016nhmm_qm18", "score_breakdown": null, "match_number": 18, "alliances": {"blue": {"score": 84, "surrogate_team_keys": [], "team_keys": ["frc1735", "frc4546", "frc213"]}, "red": {"score": 75, "surrogate_team_keys": [], "team_keys": ["frc238", "frc1073", "frc1289"]}}, "event_key": "2016nhmm"}, {"set_number": 1, "post_result_time": null, "predicted_time": null, "videos": [], "comp_level": "qm", "time": null, "winning_alliance": "red", "actual_time": null, "key": "2016nhmm_qm19", "score_breakdown": null, "match_number": 19, "alliances": {"blue": {"score": 105, "surrogate_team_keys": [], "team_keys": ["frc166", "frc3467", "frc2713"]}, "red": {"score": 132, "surrogate_team_keys": [], "team_keys": ["frc131", "frc1768", "frc1519"]}}, "event_key": "2016nhmm"}, {"set_number": 1, "post_result_time": null, "predicted_time": null, "videos": [], "comp_level": "qm", "time": null, "winning_alliance": "red", "actual_time": null, "key": "2016nhmm_qm2", "score_breakdown": null, "match_number": 2, "alliances": {"blue": {"score": 102, "surrogate_team_keys": [], "team_keys": ["frc58", "frc1768", "frc4906"]}, "red": {"score": 113, "surrogate_team_keys": [], "team_keys": ["frc238", "frc166", "frc5687"]}}, "event_key": "2016nhmm"}, {"set_number": 1, "post_result_time": null, "predicted_time": null, "videos": [], "comp_level": "qm", "time": null, "winning_alliance": "red", "actual_time": null, "key": "2016nhmm_qm20", "score_breakdown": null, "match_number": 20, "alliances": {"blue": {"score": 49, "surrogate_team_keys": [], "team_keys": ["frc1289", "frc213", "frc4906"]}, "red": {"score": 67, "surrogate_team_keys": [], "team_keys": ["frc501", "frc58", "frc1922"]}}, "event_key": "2016nhmm"}, {"set_number": 1, "post_result_time": null, "predicted_time": null, "videos": [], "comp_level": "qm", "time": null, "winning_alliance": "red", "actual_time": null, "key": "2016nhmm_qm21", "score_breakdown": null, "match_number": 21, "alliances": {"blue": {"score": 79, "surrogate_team_keys": [], "team_keys": ["frc319", "frc811", "frc238"]}, "red": {"score": 100, "surrogate_team_keys": [], "team_keys": ["frc1519", "frc3467", "frc1073"]}}, "event_key": "2016nhmm"}, {"set_number": 1, "post_result_time": null, "predicted_time": null, "videos": [], "comp_level": "qm", "time": null, "winning_alliance": "red", "actual_time": null, "key": "2016nhmm_qm22", "score_breakdown": null, "match_number": 22, "alliances": {"blue": {"score": 90, "surrogate_team_keys": [], "team_keys": ["frc501", "frc166", "frc4546"]}, "red": {"score": 107, "surrogate_team_keys": [], "team_keys": ["frc5962", "frc133", "frc1735"]}},